drug_name,pathway,shap_morpho_total,shap_morgan_total,morpho_pct
Gefitinib,EGFR signaling,0.0005726340430937538,0.00010173783600404135,84.91368944088374
Vorinostat,Chromatin histone acetylation,0.0016857994306380922,4.712095953024269e-05,97.28083529990288
Nilotinib,ABL signaling,0.000975847417618381,8.844147303447084e-05,91.69008773734174
Olaparib,Genome integrity,0.0007426268186429588,5.697393703650699e-05,92.87470195196438
Bosutinib,"Other, kinases",0.0012585537187523156,8.618989226800099e-05,93.59060778860255
Lenalidomide,Protein stability and degradation,0.0007869528336617775,0.0001387864522552863,85.00804120916176
SB216763,WNT signaling,0.0011958252979106321,0.00011095815410471638,91.50906342335492
Motesanib,RTK signaling,0.0008823919747502618,0.00022989081490732213,79.33162168425766
KU-55933,Genome integrity,0.0010200115030843458,0.00016366779292322636,86.17296141993351
Elesclomol,Protein stability and degradation,0.001577335764167948,5.7566050609656e-05,96.47892918771475
Vismodegib,Other,0.0008800992965130121,0.00010976791910929343,88.91084406303071
PLX-4720,ERK MAPK signaling,0.0008079489259629983,9.901707173996582e-05,89.08260375904473
BX795,"Other, kinases",0.001003317702308726,5.571579156732256e-05,94.73899627448009
NU7441,Genome integrity,0.00078848889552181,8.667418458281357e-05,90.09622474334134
JNK Inhibitor VIII,JNK and p38 signaling,0.0010316585798401164,0.00013137520442069953,88.70409387942269
PD173074,RTK signaling,0.0008887336091252106,0.00012783179205460085,87.42512858432512
ZM447439,Mitosis,0.0008543839724486342,7.803543783230693e-05,91.6308651480352
RO-3306,Cell cycle,0.0012606932487911995,9.14401001597732e-05,93.23734598878762
MK-2206,PI3K/MTOR signaling,0.0008353497559605588,6.881136480983566e-05,92.38947979191975
Palbociclib,Cell cycle,0.0016914998853626122,8.953822431392172e-05,94.97269464210491
Pictilisib,PI3K/MTOR signaling,0.0015830314420525074,9.041097616702435e-05,94.59730581807423
SB590885,ERK MAPK signaling,0.001061281559008972,8.775771637023328e-05,92.36251377558253
Selumetinib,ERK MAPK signaling,0.0008148979595727514,9.784324875624934e-05,89.28028581777569
5-Fluorouracil,Other,0.0006780140431843158,6.479349443671754e-05,91.27721635078856
Dasatinib,"Other, kinases",0.0013119880765502681,6.295159700432196e-05,95.42150116000543
Sorafenib,"Other, kinases",0.0007146545809345883,0.00010265959727849092,87.43939601011952
GSK1904529A,IGF1R signaling,0.0006662893360219003,9.562009812274456e-05,87.44993908231467
Tozasertib,Mitosis,0.001461885465915226,5.3574213797771397e-05,96.46482090451146
PF-4708671,PI3K/MTOR signaling,0.0007541989998703989,0.0001042299487763916,87.8580575665933
PRIMA-1MET,p53 pathway,0.0007915033956034607,8.510191282174416e-05,90.29187799756458
Serdemetan,p53 pathway,0.000601712140408441,6.07079782946403e-05,90.83542655475239
TW 37,Apoptosis regulation,0.0019611263818590987,6.56178656050409e-05,96.76240030348467
Erlotinib,EGFR signaling,0.00076885332318094,0.00012004562504586667,86.49502001489189
Rucaparib,Genome integrity,0.0007876372135990766,4.97963297732126e-05,94.05369773311372
MK-1775,Cell cycle,0.002244599120003041,6.0514160889270016e-05,97.37478581244194
GSK269962A,Cytoskeleton,0.00231143537041854,0.0001339542414809181,94.52217181143298
SB505124,RTK signaling,0.0011811251610334514,8.459488855876683e-05,93.31646136236674
YK-4-279,Other,0.0008832565862361807,4.948258779772813e-05,94.69491695264325
XAV939,WNT signaling,0.000601867128394838,9.116444152846691e-05,86.84555718889463
Trametinib,ERK MAPK signaling,0.0008221114111620116,3.849693435457222e-05,95.52677654648303
Dabrafenib,ERK MAPK signaling,0.0005201708572251263,5.900968031207626e-05,89.81152223052973
Temozolomide,DNA replication,0.0012085396879963895,0.0002222927086093684,84.46409872066816
AZD5438,Cell cycle,0.0010461131093393841,4.8473841909254384e-05,95.57149463055829
AZD1332,RTK signaling,0.0010743043844064785,4.4681628844263745e-05,96.0069537675042
Bicalutamide,Hormone-related,0.0006038253458766748,9.55305415289362e-05,86.34021057814724
Linsitinib,IGF1R signaling,0.0010308337654128274,9.30210754118187e-05,91.72303468092346
Cyclophosphamide,DNA replication,0.0009323530747828563,0.00027456449425073684,77.25076663930022
Sapitinib,EGFR signaling,0.0007120196266896617,8.482594592581051e-05,89.35478230149566
Lapatinib,EGFR signaling,0.0007678670117425496,8.633880551786903e-05,89.89250555624028
Luminespib,Protein stability and degradation,0.0031608218519065708,6.184476572613747e-05,98.08094435248883
Taselisib,PI3K/MTOR signaling,0.0007082491731821456,4.760093958525798e-05,93.70233082178476
IWP-2,WNT signaling,0.0009078013328678786,0.00013261830626548968,87.25338303148949
Leflunomide,DNA replication,0.0007126962033603862,0.00010586604438820105,87.06683032605277
GSK2801,Chromatin other,0.00080416632014066,0.00010739653657392163,88.21841677917901
Entinostat,Chromatin histone acetylation,0.0013791049112196912,4.630375809160073e-05,96.75154507696567
OSI-027,PI3K/MTOR signaling,0.0032525173808889193,0.0001318012639343804,96.10553030708306
LGK974,WNT signaling,0.0005477598497906688,9.923824371956393e-05,84.6617409363364
VE-822,Genome integrity,0.001750685968740296,5.3298293123300606e-05,97.04552338675943
WZ4003,"Other, kinases",0.0006330699457655214,0.00010270244555000426,86.04154671169745
CZC24832,PI3K/MTOR signaling,0.0009202542053260842,0.00015325519023466454,85.72390787929606
GSK2606414,Metabolism,0.0010073253159635428,8.43042972271525e-05,92.27720682835438
PCI-34051,Chromatin histone acetylation,0.0006860523759103559,0.00010329446965386731,86.91393140615737
Wnt-C59,WNT signaling,0.0006596183902457169,0.00010267249669664025,86.53106072034097
RVX-208,Chromatin other,0.000692610160514916,9.465559379854974e-05,87.97666565833363
GSK343,Chromatin histone methylation,0.0007470338000183678,0.00010345071129357931,87.83626157588719
ML323,Protein stability and degradation,0.0005905504340926753,0.00011391394219488742,83.82970863690804
Entospletinib,"Other, kinases",0.0011850405503641699,8.657791925719685e-05,93.19151763476854
Ribociclib,Cell cycle,0.001076059384519919,0.00010219230083127057,91.32678509169192
AGI-6780,Metabolism,0.0009028568270483873,0.0001032991826675515,89.73328373830265
Acetalax,Unclassified,0.0005990339223733113,6.741031840818389e-05,89.88507750788929
BEN,Unclassified,0.0012701952930942507,6.175466779237697e-05,95.36358950367256
LY2109761,Other,0.0023044592503385546,0.0001689416355076514,93.16966220581536
OF-1,Chromatin histone acetylation,0.0006005737631270892,6.72162220719248e-05,89.93452678810493
MN-64,WNT signaling,0.0007597574345905899,9.636496175491165e-05,88.74402046176326
Buparlisib,PI3K/MTOR signaling,0.002543671667526346,7.872874940853796e-05,96.99783645166752
Venetoclax,Apoptosis regulation,0.0005068818572238163,0.000202467522053829,71.45729199622214
AGI-5198,Metabolism,0.0007242210519699884,0.0001269982970965068,85.08042642172293
Osimertinib,EGFR signaling,0.0010261659773237487,0.00012017962310346877,89.51628347867515
Cediranib,RTK signaling,0.001053907403937581,8.143885708154601e-05,92.8269586224344
GNE-317,PI3K/MTOR signaling,0.0026527609980668025,9.124982682609528e-05,96.67458211176493
GSK2578215A,"Other, kinases",0.0011493625731466173,0.00014677792762601838,88.67577029353505
I-BRD9,Chromatin other,0.0008353869383920357,0.0001473573748890407,85.00552250492701
NVP-ADW742,IGF1R signaling,0.0006121838693447121,9.569044694458578e-05,86.48200044236688
P22077,Protein stability and degradation,0.000673997826293777,9.76598193828278e-05,87.34415191374178
UMI-77,Apoptosis regulation,0.0005888532227195604,7.823240967699818e-05,88.27250867389513
WIKI4,WNT signaling,0.0010459875641859733,0.00012365489490915628,89.42797485268966
UNC0638,Chromatin histone methylation,0.0012961821666999797,7.595998775683185e-05,94.46413132122582
Foretinib,RTK signaling,0.002058467300977024,7.635800377975288e-05,96.42322003539992
Pyridostatin,DNA replication,0.0007114167822834692,7.122214772117494e-05,90.89974380385699
Remodelin,Unclassified,0.0009177781113571008,0.0001328374322651744,87.35622815866762
LJI308,PI3K/MTOR signaling,0.0007686045776921946,0.00010071446658130355,88.41455651469455
VE821,Genome integrity,0.000797858621746293,7.110735490653986e-05,91.81701507112649
A-366,Chromatin histone methylation,0.0007759467939836502,0.00013080816767311113,85.57403342639479
UNC0379,Chromatin histone methylation,0.0006603416159810276,7.348947641655848e-05,89.98550522349055
PFI-1,Chromatin other,0.000594640909949599,0.00011757802208216738,83.49130909132822
IOX2,Other,0.0006586436727485059,0.0001075306553282732,85.96524950161245
CHIR-99021,WNT signaling,0.0009163913990389263,0.00010817240548922913,89.44210160351642
alpha-lipoic acid,Metabolism,0.0012784004523566982,0.00018443583558887602,87.39190180687272
Vinblastine,Mitosis,0.003304640621177721,8.069372894458846e-05,97.61637343319802
Cytarabine,Other,0.0017161803846580436,7.742988977603449e-05,95.68301481767185
Methotrexate,DNA replication,0.0009401288553434449,0.0002854494043740795,76.70900229252835
Tretinoin,Other,0.0007121232662364826,8.434954222194622e-05,89.4096143237828
Refametinib,ERK MAPK signaling,0.0007441893763813609,7.807321427986198e-05,90.50507524401914
Veliparib,Genome integrity,0.0008387396794946526,0.00013402165641779318,86.22255516641381
Axitinib,RTK signaling,0.0009618659119609235,8.976553173129995e-05,91.4641643448642
AZD7762,Cell cycle,0.002111785129721657,5.6753707838725015e-05,97.3828595155541
Mirin,Genome integrity,0.0007677688098364101,0.00010409691459705843,88.06044191441293
AZD8055,PI3K/MTOR signaling,0.002865234256026664,0.00013661986724537722,95.44881724310905
PD0325901,ERK MAPK signaling,0.0007699652334788536,5.684461699322248e-05,93.12482586404039
CCT007093,Cell cycle,0.000991154682768078,0.00010469034085592785,90.4466107342704
Avagacestat,Other,0.0008022244892074979,0.00010452466491282511,88.47259306084172
Crizotinib,RTK signaling,0.0012412118000511994,4.5389919704627406e-05,96.47210795635797
BI-2536,Cell cycle,0.0030256335814306955,0.00016719660418727626,94.76337310576649
Irinotecan,DNA replication,0.0011955090102417083,9.843498017470843e-05,92.39263979710357
BMS-536924,IGF1R signaling,0.0013073866320131677,7.422293616902217e-05,94.62779225923582
Niraparib,Genome integrity,0.0006010884340089022,6.169197797061248e-05,90.691943084685
Gemcitabine,DNA replication,0.002814051987502882,6.912121115237521e-05,97.60259941426294
Tamoxifen,Hormone-related,0.0005637371522849527,9.415468953885466e-05,85.68842421303795
Fulvestrant,Hormone-related,0.0007295143892850666,8.306965102693013e-05,89.77710034828705
EPZ004777,Chromatin histone methylation,0.0008609990903817233,0.0001431077103742481,85.74776007228462
Daporinad,Metabolism,0.003046569482721217,0.0001415519147047635,95.56002118303746
AZ960,"Other, kinases",0.0012936585127896038,5.059272620063426e-05,96.2363638036415
AZD2014,PI3K/MTOR signaling,0.0013504165570080513,6.252134981803116e-05,95.57508157180987
AZD1208,"Other, kinases",0.0007324212345717255,9.39205884049805e-05,88.63417222830944
SN-38,DNA replication,0.0023370720668957796,6.138111974786278e-05,97.44080392772815
Ruxolitinib,"Other, kinases",0.0014188872879415644,0.00016187445538257302,89.75971830883432
Pevonedistat,Other,0.0019731318949113763,4.9371755577539777e-05,97.55887928481096
Uprosertib,PI3K/MTOR signaling,0.0006673777752453387,5.936637782583381e-05,91.83118604051296
LCL161,Apoptosis regulation,0.0010857799547591585,0.00010219377643072569,91.39764005317124
Alpelisib,PI3K/MTOR signaling,0.0006237822173680119,8.232141213115971e-05,88.34145461204483
EPZ5676,Chromatin histone methylation,0.0011607704793061932,0.0001489336194533124,88.62845282423902
SCH772984,ERK MAPK signaling,0.001208992614575479,4.194681276446224e-05,96.64677506778567
SGC-CBP30,Chromatin histone acetylation,0.0006947107515472259,6.73078534416888e-05,91.16716402971973
GSK-LSD1,Chromatin histone methylation,0.0010901751216419201,9.144303172531451e-05,92.26120287127182
AZD5582,Apoptosis regulation,0.0011233854742601706,7.320319818414269e-05,93.88234237295528
PFI3,Chromatin other,0.0008587712215937096,0.00015260514059590546,84.91114225118751
I-BET-762,Chromatin other,0.0007051771285457583,6.915961651650197e-05,91.06853485159854
OTX015,Chromatin other,0.0010674133440263713,7.070920190907121e-05,93.78720664469799
PRT062607,"Other, kinases",0.0010693294446370092,7.53646733798281e-05,93.41617361410086
AZD4547,RTK signaling,0.0006382487639808337,0.00010251701092901973,86.16067124031271
Ibrutinib,"Other, kinases",0.0008473770003819686,8.105960471122432e-05,91.26923644904244
Topotecan,DNA replication,0.002301618940806707,6.859650843122375e-05,97.10589564955882
Teniposide,DNA replication,0.0010304274738396242,6.883076195951065e-05,93.73843563614766
Bleomycin,DNA replication,0.000929243265114061,9.960996218326575e-05,90.31835061207622
Fludarabine,DNA replication,0.0011144816499919928,0.0001272278123388474,89.75381792613344
Nelarabine,DNA replication,0.0009521994067885112,0.00020326701222548108,82.40822849711745
Dacarbazine,Other,0.0009288281116017993,0.0001513522008569513,85.98824667407266
Sabutoclax,Apoptosis regulation,0.0024536104673942983,5.692612641771885e-05,97.73251158505195
MG-132,Protein stability and degradation,0.003233040059454567,7.377504278615601e-05,97.76900006486103
Ulixertinib,ERK MAPK signaling,0.0009469095159980951,5.3348936855620796e-05,94.66648477666773
ABT737,Apoptosis regulation,0.0007752702825175036,0.00013699203363230165,84.9832629050737
Afuresertib,PI3K/MTOR signaling,0.0017750047022177787,0.00011154576051681858,94.08731636284298
AZD3759,EGFR signaling,0.0006516891254694929,0.00010717004675696935,85.87747889472868
AZD5363,"Other, kinases",0.0008009317233510481,7.458908954440717e-05,91.48060349385277
AZD8186,PI3K/MTOR signaling,0.0007303593817325132,7.070373729194546e-05,91.1737620154016
Ipatasertib,PI3K/MTOR signaling,0.0008672375302383291,8.792744724328908e-05,90.79452771864418
GDC0810,Hormone-related,0.000995882499636574,0.00012150419133384778,89.12603914869216
Savolitinib,RTK signaling,0.0008618759493845818,0.00012079003787253493,87.70792523208296
WEHI-539,Apoptosis regulation,0.0008353412091985987,6.838625889597685e-05,92.43286706332354
AGK2,Chromatin histone acetylation,0.0011770951308456626,0.00014291072428530144,89.173478001647
BIBR-1532,Genome integrity,0.0007685325206677478,0.00012279984821532246,86.22288918226955
AMG-319,PI3K/MTOR signaling,0.0008913518878509492,0.00014370987635024986,86.1158163386359
Vinorelbine,Mitosis,0.0032279233356132557,7.961234458259115e-05,97.59300118637337
VX-11e,ERK MAPK signaling,0.0007008152319578988,5.645431913430324e-05,92.54501662546978
AZ6102,WNT signaling,0.0006248541068154216,6.687805253321533e-05,90.33179943575409
5-azacytidine,Other,0.0011265318419551998,0.0001034829271697906,91.58685490879053
CPI-637,Chromatin histone methylation,0.0007195962258458564,7.636854675656217e-05,90.4055368547437
AZD6482,PI3K/MTOR signaling,0.0007418551838990457,0.0001241893747214258,85.66016338475147
AT13148,PI3K/MTOR signaling,0.0014211099950116623,5.4701841607455916e-05,96.29344065075597
BMS-754807,IGF1R signaling,0.001161919061766173,5.61957842424301e-05,95.38665960549066
JQ1,Chromatin other,0.0011154260027722565,7.99357681526558e-05,93.31283883281583
SGC0946,Chromatin histone methylation,0.0005015048189521995,0.00014038655313909632,78.12923506329211
GSK2830371,Other,0.0012984344556310516,0.00023015989670574673,84.94303630299981
glutathione,Other,0.0021587870346378023,0.00044654076614191775,82.86047667367318
N-acetyl cysteine,Metabolism,0.0020052389454564426,0.0005507568007969664,78.45235847499869
